"title","location","price_cuisine","price","cuisine","michelin_stars","distinction"
"TURK FATİH TUTAK","Istanbul, Türkiye","₺₺₺₺ · Modern Cuisine","₺₺₺₺","Modern Cuisine",2,"2 Stars"
"Jônt","Washington, USA","$$$$ · Contemporary","$$$$","Contemporary",2,"2 Stars"
"minibar","Washington, USA","$$$$ · Contemporary","$$$$","Contemporary",2,"2 Stars"
"Pineapple and Pearls","Washington, USA","$$$$ · Contemporary","$$$$","Contemporary",2,"2 Stars"
"odo","New York, USA","$$$$ · Japanese","$$$$","Japanese",2,"2 Stars"
"Blue Hill at Stone Barns","Tarrytown, USA","$$$$ · American","$$$$","American",2,"2 Stars"
"Saga","New York, USA","$$$$ · Contemporary","$$$$","Contemporary",2,"2 Stars"
"The Modern","New York, USA","$$$$ · Contemporary","$$$$","Contemporary",2,"2 Stars"
"Sushi Noz","New York, USA","$$$$ · Japanese","$$$$","Japanese",2,"2 Stars"
"Atomix","New York, USA","$$$$ · Korean","$$$$","Korean",2,"2 Stars"
"Daniel","New York, USA","$$$$ · French","$$$$","French",2,"2 Stars"
"Gabriel Kreuther","New York, USA","$$$$ · Contemporary","$$$$","Contemporary",2,"2 Stars"
"Jean-Georges","New York, USA","$$$$ · Contemporary","$$$$","Contemporary",2,"2 Stars"
"Atera","New York, USA","$$$$ · Contemporary","$$$$","Contemporary",2,"2 Stars"
"Al Coro","New York, USA","$$$$ · Italian","$$$$","Italian",2,"2 Stars"
"Aska","New York, USA","$$$$ · Scandinavian","$$$$","Scandinavian",2,"2 Stars"
"Aquavit","New York, USA","$$$$ · Scandinavian","$$$$","Scandinavian",2,"2 Stars"
"Jungsik","New York, USA","$$$$ · Korean","$$$$","Korean",2,"2 Stars"
"Oriole","Chicago, USA","$$$$ · Contemporary","$$$$","Contemporary",2,"2 Stars"
"Moody Tongue","Chicago, USA","$$$$ · Contemporary","$$$$","Contemporary",2,"2 Stars"
"Ever","Chicago, USA","$$$$ · Creative","$$$$","Creative",2,"2 Stars"
"Delta","Athens, Greece","€€€€ · Creative","€€€€","Creative",2,"2 Stars"
"Jingji","Beijing, China","¥¥¥¥ · Beijing Cuisine","¥¥¥¥","Beijing Cuisine",2,"2 Stars"
"Shanghai Cuisine","Beijing, China","¥¥¥ · Shanghainese","¥¥¥","Shanghainese",2,"2 Stars"
"Anne-Sophie Pic","Lausanne, Switzerland","€€€€ · Creative","€€€€","Creative",2,"2 Stars"
"The Restaurant","Zurich, Switzerland","€€€€ · Creative","€€€€","Creative",2,"2 Stars"
"7132 Silver","Vals, Switzerland","€€€€ · Creative","€€€€","Creative",2,"2 Stars"
"roots","Basel, Switzerland","€€€€ · Modern Cuisine","€€€€","Modern Cuisine",2,"2 Stars"
"Mammertsberg","Freidorf, Switzerland","€€€€ · Creative","€€€€","Creative",2,"2 Stars"
"IGNIV Zürich by Andreas Caminada","Zurich, Switzerland","€€€€ · Sharing","€€€€","Sharing",2,"2 Stars"
"Widder Restaurant","Zurich, Switzerland","€€€€ · Modern French","€€€€","Modern French",2,"2 Stars"
"La Brezza","Arosa, Switzerland","€€€ · Modern Cuisine","€€€","Modern Cuisine",2,"2 Stars"
"Pavillon","Zurich, Switzerland","€€€€ · Classic French","€€€€","Classic French",2,"2 Stars"
"focus ATELIER","Vitznau, Switzerland","€€€€ · Creative","€€€€","Creative",2,"2 Stars"
"Taverne zum Schäfli","Wigoltingen, Switzerland","€€€€ · Classic French","€€€€","Classic French",2,"2 Stars"
"Ecco St. Moritz","Saint Moritz, Switzerland","€€€€ · Creative","€€€€","Creative",2,"2 Stars"
"Ecco","Ascona, Switzerland","€€€€ · Creative","€€€€","Creative",2,"2 Stars"
"Stucki - Tanja Grandits","Basel, Switzerland","€€€€ · Creative","€€€€","Creative",2,"2 Stars"
"Magdalena","Schwyz, Switzerland","€€€€ · Modern Cuisine","€€€€","Modern Cuisine",2,"2 Stars"
"Skin's - the restaurant","Lenzburg, Switzerland","€€€€ · Modern Cuisine","€€€€","Modern Cuisine",2,"2 Stars"
"Einstein Gourmet","Sankt Gallen, Switzerland","€€€€ · Creative","€€€€","Creative",2,"2 Stars"
"Maison Wenger","Le Noirmont, Switzerland","€€€€ · Modern French","€€€€","Modern French",2,"2 Stars"
"Da Vittorio","Saint Moritz, Switzerland","€€€€ · Italian","€€€€","Italian",2,"2 Stars"
"Gasthaus Zur Fernsicht - Incantare","Heiden, Switzerland","€€€€ · Classic Cuisine","€€€€","Classic Cuisine",2,"2 Stars"
"La Brezza","Ascona, Switzerland","€€€€ · Mediterranean Cuisine","€€€€","Mediterranean Cuisine",2,"2 Stars"
"IGNIV by Andreas Caminada","Bad Ragaz, Switzerland","€€€€ · Creative","€€€€","Creative",2,"2 Stars"
"The Japanese Restaurant","Andermatt, Switzerland","€€€€ · Japanese Contemporary","€€€€","Japanese Contemporary",2,"2 Stars"
"La Table du Lausanne Palace","Lausanne, Switzerland","€€€€ · Modern French","€€€€","Modern French",2,"2 Stars"
"L'Atelier Robuchon","Geneva, Switzerland","€€€€ · French Contemporary","€€€€","French Contemporary",2,"2 Stars"
"La Table du Valrose","Rougemont, Switzerland","€€€€ · Modern French","€€€€","Modern French",2,"2 Stars"
"Sushi Masaki Saito","Toronto, Canada","$$$$ · Japanese","$$$$","Japanese",2,"2 Stars"
"Milka","Kranjska Gora, Slovenia","€€€€ · Creative","€€€€","Creative",2,"2 Stars"
"Stand","Budapest, Hungary","€€€€ · Modern Cuisine","€€€€","Modern Cuisine",2,"2 Stars"
"Platán Gourmet","Tata, Hungary","€€€€ · Creative","€€€€","Creative",2,"2 Stars"
"Yu Zhi Lan","Chengdu, China","¥¥¥¥ · Sichuan","¥¥¥¥","Sichuan",2,"2 Stars"
"Xin Rong Ji","Chengdu, China","¥¥¥¥ · Taizhou","¥¥¥¥","Taizhou",2,"2 Stars"
"Molino de Urdániz","Taipei, Taiwan","$$$$ · Spanish Contemporary","$$$$","Spanish Contemporary",2,"2 Stars"
"Mudan","Taipei, Taiwan","$$$$ · Tempura","$$$$","Tempura",2,"2 Stars"
"logy","Taipei, Taiwan","$$$ · Asian Contemporary","$$$","Asian Contemporary",2,"2 Stars"
"L'Atelier de Joël Robuchon","Taipei, Taiwan","$$$$ · French Contemporary","$$$$","French Contemporary",2,"2 Stars"
"Liberté","Kaohsiung, Taiwan","$$$$ · Modern Cuisine","$$$$","Modern Cuisine",2,"2 Stars"
"RAW","Taipei, Taiwan","$$$$ · Innovative","$$$$","Innovative",2,"2 Stars"
"Hayato","Los Angeles, USA","$$$$ · Japanese","$$$$","Japanese",2,"2 Stars"
"Commis","Oakland, USA","$$$$ · Contemporary","$$$$","Contemporary",2,"2 Stars"
"n/naka","Los Angeles, USA","$$$$ · Japanese","$$$$","Japanese",2,"2 Stars"
"Acquerello","San Francisco, USA","$$$$ · Italian","$$$$","Italian",2,"2 Stars"
"Providence","Hollywood, USA","$$$$ · Seafood","$$$$","Seafood",2,"2 Stars"
"Birdsong","San Francisco, USA","$$$$ · Contemporary","$$$$","Contemporary",2,"2 Stars"
"Sushi Ginza Onodera","West Hollywood, USA","$$$$ · Japanese","$$$$","Japanese",2,"2 Stars"
"Saison","San Francisco, USA","$$$$ · Californian","$$$$","Californian",2,"2 Stars"
"Lazy Bear","San Francisco, USA","$$$$ · Contemporary","$$$$","Contemporary",2,"2 Stars"
"Californios","San Francisco, USA","$$$$ · Mexican","$$$$","Mexican",2,"2 Stars"
"Mélisse","Santa Monica, USA","$$$$ · Modern French","$$$$","Modern French",2,"2 Stars"
"Harbor House","Elk, USA","$$$$ · Californian","$$$$","Californian",2,"2 Stars"
"Jiang by Chef Fei","Guangzhou, China","¥¥¥ · Cantonese","¥¥¥","Cantonese",2,"2 Stars"
"Imperial Treasure Fine Chinese Cuisine","Guangzhou, China","¥¥¥ · Cantonese","¥¥¥","Cantonese",2,"2 Stars"
"Taian Table","Guangzhou, China","¥¥¥¥ · European Contemporary","¥¥¥¥","European Contemporary",2,"2 Stars"
"Waku Ghin","Singapore","$$$$ · Japanese Contemporary","$$$$","Japanese Contemporary",2,"2 Stars"
"Cloudstreet","Singapore","$$$$ · Innovative","$$$$","Innovative",2,"2 Stars"
"Thevar","Singapore","$$$ · Innovative","$$$","Innovative",2,"2 Stars"
"Jaan by Kirk Westaway","Singapore","$$$ · British Contemporary","$$$","British Contemporary",2,"2 Stars"
"Shoukouwa","Singapore","$$$$ · Sushi","$$$$","Sushi",2,"2 Stars"
"Saint Pierre","Singapore","$$$$ · French Contemporary","$$$$","French Contemporary",2,"2 Stars"
"Henne Kirkeby Kro","Henne, Denmark","€€€€ · Classic Cuisine","€€€€","Classic Cuisine",2,"2 Stars"
"a|o|c","Copenhagen, Denmark","€€€€ · Modern Cuisine","€€€€","Modern Cuisine",2,"2 Stars"
"Alchemist","Copenhagen, Denmark","€€€€ · Innovative","€€€€","Innovative",2,"2 Stars"
"RE-NAA","Stavanger, Norway","€€€€ · Creative","€€€€","Creative",2,"2 Stars"
"Koan","Copenhagen, Denmark","€€€€ · Creative","€€€€","Creative",2,"2 Stars"
"Aloë","Stockholm, Sweden","€€€€ · Creative","€€€€","Creative",2,"2 Stars"
"AIRA","Stockholm, Sweden","€€€€ · Modern Cuisine","€€€€","Modern Cuisine",2,"2 Stars"
"Vollmers","Malmo, Sweden","€€€€ · Contemporary","€€€€","Contemporary",2,"2 Stars"
"Palace","Helsinki, Finland","€€€€ · Modern Cuisine","€€€€","Modern Cuisine",2,"2 Stars"
"KOKS","Leynavatn","€€€€ · Creative","€€€€","Creative",2,"2 Stars"
"Jordnær","Copenhagen, Denmark","€€€€ · Seafood","€€€€","Seafood",2,"2 Stars"
"Frederikshøj","Aarhus, Denmark","€€€€ · Creative","€€€€","Creative",2,"2 Stars"
"Kadeau Copenhagen","Copenhagen, Denmark","€€€€ · Creative","€€€€","Creative",2,"2 Stars"
"Kong Hans Kælder","Copenhagen, Denmark","€€€€ · Modern French","€€€€","Modern French",2,"2 Stars"
"180° by Matthias Diether","Tallinn, Estonia","€€€€ · Creative","€€€€","Creative",2,"2 Stars"
"Trèsind Studio","Dubai","$$$$ · Indian","$$$$","Indian",2,"2 Stars"
"Il Ristorante-Niko Romito","Dubai","$$$$ · Italian","$$$$","Italian",2,"2 Stars"
"STAY by Yannick Alléno","Dubai","$$$$ · French","$$$$","French",2,"2 Stars"
"akordu","Nara, Japan","¥¥¥ · Innovative","¥¥¥","Innovative",2,"2 Stars"
"Oryori Hanagaki","Nara, Japan","¥¥¥ · Japanese","¥¥¥","Japanese",2,"2 Stars"
"Tsukumo","Nara, Japan","¥¥¥ · Japanese","¥¥¥","Japanese",2,"2 Stars"
"NARA NIKON","Nara, Japan","¥¥¥ · Japanese","¥¥¥","Japanese",2,"2 Stars"
"L'Atelier de Joël Robuchon Miami","Miami, USA","$$$$ · French","$$$$","French",2,"2 Stars"
"Rùn","Hong Kong, Hong Kong SAR China","$$$ · Cantonese","$$$","Cantonese",2,"2 Stars"
"Octavium","Hong Kong, Hong Kong SAR China","$$$ · Italian","$$$","Italian",2,"2 Stars"
"Mizumi (Macau)","Macau","$$$$ · Japanese","$$$$","Japanese",2,"2 Stars"
"Wing Lei","Macau","$$$ · Cantonese","$$$","Cantonese",2,"2 Stars"
"Alain Ducasse at Morpheus","Macau","$$$$ · French Contemporary","$$$$","French Contemporary",2,"2 Stars"
"Lung King Heen","Hong Kong, Hong Kong SAR China","$$$ · Cantonese","$$$","Cantonese",2,"2 Stars"
"Bo Innovation","Hong Kong, Hong Kong SAR China","$$$$ · Innovative","$$$$","Innovative",2,"2 Stars"
"Sichuan Moon","Macau","$$$$ · Sichuan","$$$$","Sichuan",2,"2 Stars"
"Sun Tung Lok","Hong Kong, Hong Kong SAR China","$$ · Cantonese","$$","Cantonese",2,"2 Stars"
"L'Envol","Hong Kong, Hong Kong SAR China","$$$$ · French Contemporary","$$$$","French Contemporary",2,"2 Stars"
"Tin Lung Heen","Hong Kong, Hong Kong SAR China","$$$ · Cantonese","$$$","Cantonese",2,"2 Stars"
"Tate","Hong Kong, Hong Kong SAR China","$$$$ · Innovative","$$$$","Innovative",2,"2 Stars"
"Feng Wei Ju","Macau","$$ · Hunanese","$$","Hunanese",2,"2 Stars"
"Amber","Hong Kong, Hong Kong SAR China","$$$$ · French Contemporary","$$$$","French Contemporary",2,"2 Stars"
"Lai Ching Heen","Hong Kong","$$$ · Cantonese","$$$","Cantonese",2,"2 Stars"
"Arbor","Hong Kong","$$$ · Innovative","$$$","Innovative",2,"2 Stars"
"Ying Jee Club","Hong Kong","$$ · Cantonese","$$","Cantonese",2,"2 Stars"
"De Nieuwe Winkel","Nijmegen, Netherlands","€€€ · Organic","€€€","Organic",2,"2 Stars"
"De Kromme Watergang","Hoofdplaat, Netherlands","€€€€ · Country cooking","€€€€","Country cooking",2,"2 Stars"
"Flore","Amsterdam, Netherlands","€€€€ · Contemporary","€€€€","Contemporary",2,"2 Stars"
"Julemont","Wittem, Netherlands","€€€€ · Modern French","€€€€","Modern French",2,"2 Stars"
"De Bokkedoorns","Overveen, Netherlands","€€€€ · Modern Cuisine","€€€€","Modern Cuisine",2,"2 Stars"
"De Groene Lantaarn","Staphorst, Netherlands","€€€€ · Creative","€€€€","Creative",2,"2 Stars"
"De Lindenhof","Giethoorn, Netherlands","€€€€ · Creative","€€€€","Creative",2,"2 Stars"
"Tribeca","Heeze, Netherlands","€€€€ · Creative","€€€€","Creative",2,"2 Stars"
"'t Nonnetje","Harderwijk, Netherlands","€€€€ · Creative","€€€€","Creative",2,"2 Stars"
"De Lindehof","Nuenen, Netherlands","€€€€ · Creative","€€€€","Creative",2,"2 Stars"
"De Treeswijkhoeve","Waalre, Netherlands","€€€€ · Creative","€€€€","Creative",2,"2 Stars"
"Fred","Rotterdam, Netherlands","€€€€ · Creative French","€€€€","Creative French",2,"2 Stars"
"Aan de Poel","Amstelveen, Netherlands","€€€€ · Creative","€€€€","Creative",2,"2 Stars"
"Ciel Bleu","Amsterdam, Netherlands","€€€€ · Creative","€€€€","Creative",2,"2 Stars"
"Restaurant 212","Amsterdam, Netherlands","€€€€ · Creative","€€€€","Creative",2,"2 Stars"
"Spectrum","Amsterdam, Netherlands","€€€€ · Creative","€€€€","Creative",2,"2 Stars"
"Vinkeles","Amsterdam, Netherlands","€€€€ · Creative","€€€€","Creative",2,"2 Stars"
"Parkheuvel","Rotterdam, Netherlands","€€€€ · Modern Cuisine","€€€€","Modern Cuisine",2,"2 Stars"
"Brut172","Reijmerstok, Netherlands","€€€€ · Creative","€€€€","Creative",2,"2 Stars"
"FG - François Geurds","Rotterdam, Netherlands","€€€€ · Creative","€€€€","Creative",2,"2 Stars"
"Gustav","Frankfurt on the Main, Germany","€€€€ · Creative","€€€€","Creative",2,"2 Stars"
"Gourmetrestaurant Dichter","Rottach-Egern, Germany","€€€€ · French Contemporary","€€€€","French Contemporary",2,"2 Stars"
"AUGUST","Augsburg, Germany","€€€€ · Creative","€€€€","Creative",2,"2 Stars"
"Hirschen","Sulzburg, Germany","€€€€ · Classic French","€€€€","Classic French",2,"2 Stars"
"Lafleur","Frankfurt on the Main, Germany","€€€€ · Modern French","€€€€","Modern French",2,"2 Stars"
"Atelier","Munich, Germany","€€€€ · Creative French","€€€€","Creative French",2,"2 Stars"
"AURA by Alexander Herrmann & Tobias Bätz","Wirsberg, Germany","€€€€ · Creative","€€€€","Creative",2,"2 Stars"
"PURS","Andernach, Germany","€€€€ · Modern Cuisine","€€€€","Modern Cuisine",2,"2 Stars"
"ammolite - The Lighthouse Restaurant","Rust, Germany","€€€€ · Modern Cuisine","€€€€","Modern Cuisine",2,"2 Stars"
"GästeHaus Klaus Erfort","Saarbrücken, Germany","€€€€ · Classic French","€€€€","Classic French",2,"2 Stars"
"Esplanade","Saarbrücken, Germany","€€€€ · Classic Cuisine","€€€€","Classic Cuisine",2,"2 Stars"
"Coeur D'Artichaut","Münster, Germany","€€€€ · Modern French","€€€€","Modern French",2,"2 Stars"
"Meierei Dirk Luther","Glücksburg, Germany","€€€€ · Classic Cuisine","€€€€","Classic Cuisine",2,"2 Stars"
"OPUS V","Mannheim, Germany","€€€€ · Modern Cuisine","€€€€","Modern Cuisine",2,"2 Stars"
"Speisemeisterei","Stuttgart, Germany","€€€€ · Creative","€€€€","Creative",2,"2 Stars"
"Vendôme","Bergisch Gladbach, Germany","€€€€ · Creative","€€€€","Creative",2,"2 Stars"
"EssZimmer","Munich, Germany","€€€€ · Modern French","€€€€","Modern French",2,"2 Stars"
"Söl'ring Hof","Rantum, Germany","€€€€ · Creative","€€€€","Creative",2,"2 Stars"
"Steinheuers Restaurant Zur Alten Post","Bad Neuenahr-Ahrweiler, Germany","€€€€ · Classic French","€€€€","Classic French",2,"2 Stars"
"LOUIS restaurant","Saarlouis, Germany","€€€€ · Creative","€€€€","Creative",2,"2 Stars"
"Le Pavillon","Bad Peterstal, Germany","€€€€ · Classic French","€€€€","Classic French",2,"2 Stars"
"Alois - Dallmayr Fine Dining","Munich, Germany","€€€€ · Creative","€€€€","Creative",2,"2 Stars"
"Essigbrätlein","Nuremberg, Germany","€€€€ · Innovative","€€€€","Innovative",2,"2 Stars"
"Luce d'Oro","Krün, Germany","€€€€ · Modern Cuisine","€€€€","Modern Cuisine",2,"2 Stars"
"Lakeside","Hamburg, Germany","€€€€ · Modern Cuisine","€€€€","Modern Cuisine",2,"2 Stars"
"Ophelia","Constance, Germany","€€€€ · Creative French","€€€€","Creative French",2,"2 Stars"
"Falco","Leipzig, Germany","€€€€ · Creative","€€€€","Creative",2,"2 Stars"
"Haerlin","Hamburg, Germany","€€€€ · Creative French","€€€€","Creative French",2,"2 Stars"
"etz","Nuremberg, Germany","€€€€ · Creative","€€€€","Creative",2,"2 Stars"
"100/200 Kitchen","Hamburg, Germany","€€€€ · Creative","€€€€","Creative",2,"2 Stars"
"Jante","Hanover, Germany","€€€€ · Creative","€€€€","Creative",2,"2 Stars"
"sein","Karlsruhe, Germany","€€€€ · Modern Cuisine","€€€€","Modern Cuisine",2,"2 Stars"
"Tantris","Munich, Germany","€€€€ · Classic Cuisine","€€€€","Classic Cuisine",2,"2 Stars"
"L.A. Jordan","Deidesheim, Germany","€€€€ · Creative","€€€€","Creative",2,"2 Stars"
"Ox & Klee","Cologne, Germany","€€€€ · Modern Cuisine","€€€€","Modern Cuisine",2,"2 Stars"
"bianc","Hamburg, Germany","€€€€ · Mediterranean Cuisine","€€€€","Mediterranean Cuisine",2,"2 Stars"
"Ösch Noir","Donaueschingen, Germany","€€€€ · Modern Cuisine","€€€€","Modern Cuisine",2,"2 Stars"
"Lorenz Adlon Esszimmer","Berlin, Germany","€€€€ · Creative","€€€€","Creative",2,"2 Stars"
"Obendorfers Eisvogel","Neunburg vorm Wald, Germany","€€€€ · Creative","€€€€","Creative",2,"2 Stars"
"Tim Raue","Berlin, Germany","€€€€ · Asian","€€€€","Asian",2,"2 Stars"
"Le Cerf","Zweiflingen, Germany","€€€€ · Classic French","€€€€","Classic French",2,"2 Stars"
"FACIL","Berlin, Germany","€€€€ · Creative","€€€€","Creative",2,"2 Stars"
"Horváth","Berlin, Germany","€€€€ · Creative","€€€€","Creative",2,"2 Stars"
"Votum","Hanover, Germany","€€€€ · Creative","€€€€","Creative",2,"2 Stars"
"Mühle","Schluchsee, Germany","€€€€ · Modern French","€€€€","Modern French",2,"2 Stars"
"ES:SENZ","Grassau, Germany","€€€€ · Creative","€€€€","Creative",2,"2 Stars"
"Courtier","Weissenhaus, Germany","€€€€ · Creative","€€€€","Creative",2,"2 Stars"
"CODA Dessert Dining","Berlin, Germany","€€€€ · Creative","€€€€","Creative",2,"2 Stars"
"Tohru in der Schreiberei","Munich, Germany","€€€€ · Modern Cuisine","€€€€","Modern Cuisine",2,"2 Stars"
"Alex Dilling at Hotel Café Royal","London, United Kingdom","££££ · Modern French","££££","Modern French",2,"2 Stars"
"Ynyshir","Machynlleth, United Kingdom","££££ · Creative","££££","Creative",2,"2 Stars"
"The Ledbury","London, United Kingdom","££££ · Modern Cuisine","££££","Modern Cuisine",2,"2 Stars"
"Da Terra","London, United Kingdom","££££ · Creative","££££","Creative",2,"2 Stars"
"A. Wong","London, United Kingdom","££££ · Chinese","££££","Chinese",2,"2 Stars"
"Le Manoir aux Quat' Saisons, a Belmond Hotel","Great Milton, United Kingdom","££££ · French","££££","French",2,"2 Stars"
"Hand and Flowers","Marlow, United Kingdom","££££ · Modern British","££££","Modern British",2,"2 Stars"
"Midsummer House","Cambridge, United Kingdom","££££ · Creative","££££","Creative",2,"2 Stars"
"Le Gavroche","London, United Kingdom","££££ · French","££££","French",2,"2 Stars"
"Andrew Fairlie at Gleneagles","Auchterarder, United Kingdom","££££ · Modern French","££££","Modern French",2,"2 Stars"
"Raby Hunt","Summerhouse, United Kingdom","££££ · Modern British","££££","Modern British",2,"2 Stars"
"Restaurant Sat Bains","Nottingham, United Kingdom","££££ · Creative","££££","Creative",2,"2 Stars"
"Dinner by Heston Blumenthal","London, United Kingdom","££££ · Traditional British","££££","Traditional British",2,"2 Stars"
"Patrick Guilbaud","Dublin City, Ireland","$$$$ · Modern French","$$$$","Modern French",2,"2 Stars"
"dede","Baltimore, Ireland","$$$$ · Turkish","$$$$","Turkish",2,"2 Stars"
"Ikoyi","London, United Kingdom","££££ · Creative","££££","Creative",2,"2 Stars"
"The Clove Club","London, United Kingdom","££££ · Creative","££££","Creative",2,"2 Stars"
"Kitchen Table","London, United Kingdom","££££ · Modern Cuisine","££££","Modern Cuisine",2,"2 Stars"
"Claude Bosi at Bibendum","London, United Kingdom","££££ · French","££££","French",2,"2 Stars"
"Moor Hall","Aughton, United Kingdom","££££ · Modern British","££££","Modern British",2,"2 Stars"
"Liath","Blackrock, Ireland","$$$$ · Creative","$$$$","Creative",2,"2 Stars"
"La Dame de Pic London","London, United Kingdom","££££ · Modern French","££££","Modern French",2,"2 Stars"
"Story","London, United Kingdom","££££ · Modern Cuisine","££££","Modern Cuisine",2,"2 Stars"
"Chapter One by Mickael Viljanen","Dublin City, Ireland","$$$$ · Modern Cuisine","$$$$","Modern Cuisine",2,"2 Stars"
"La Villa Lorraine by Yves Mattagne","Brussels, Belgium","€€€€ · Creative","€€€€","Creative",2,"2 Stars"
"Colette - De Vijvers","Averbode, Belgium","€€€€ · Modern French","€€€€","Modern French",2,"2 Stars"
"La Durée","Izegem, Belgium","€€€€ · Creative","€€€€","Creative",2,"2 Stars"
"d'Eugénie à Emilie","Baudour, Belgium","€€€€ · Classic French","€€€€","Classic French",2,"2 Stars"
"Cuchara","Lommel, Belgium","€€€€ · Creative","€€€€","Creative",2,"2 Stars"
"The Jane","Antwerpen, Belgium","€€€€ · Creative","€€€€","Creative",2,"2 Stars"
"Château du Mylord","Ellezelles, Belgium","€€€€ · Contemporary","€€€€","Contemporary",2,"2 Stars"
"De Jonkman","Sint-Kruis, Belgium","€€€€ · Creative","€€€€","Creative",2,"2 Stars"
"Ma Langue Sourit","Oetrange, Luxembourg","€€€€ · Modern Cuisine","€€€€","Modern Cuisine",2,"2 Stars"
"Nuance","Duffel, Belgium","€€€€ · Creative","€€€€","Creative",2,"2 Stars"
"Hertog Jan at Botanic","Antwerpen, Belgium","€€€€ · Creative","€€€€","Creative",2,"2 Stars"
"L'Eau Vive","Arbre, Belgium","€€€€ · Modern French","€€€€","Modern French",2,"2 Stars"
"Le Chalet de la Forêt","Uccle, Belgium","€€€€ · Creative","€€€€","Creative",2,"2 Stars"
"L'Air du Temps","Liernu, Belgium","€€€€ · Creative","€€€€","Creative",2,"2 Stars"
"Slagmolen","Opglabbeek, Belgium","€€€€ · Traditional Cuisine","€€€€","Traditional Cuisine",2,"2 Stars"
"La Paix","Anderlecht, Belgium","€€€€ · Asian Influences","€€€€","Asian Influences",2,"2 Stars"
"Castor","Beveren-Leie, Belgium","€€€€ · Modern French","€€€€","Modern French",2,"2 Stars"
"La Table de Maxime","Our, Belgium","€€€€ · Modern Cuisine","€€€€","Modern Cuisine",2,"2 Stars"
"Ralf Berendsen","Neerharen, Belgium","€€€€ · Creative","€€€€","Creative",2,"2 Stars"
"Bartholomeus","Heist, Belgium","€€€€ · Modern Cuisine","€€€€","Modern Cuisine",2,"2 Stars"
"Vrijmoed","Gent, Belgium","€€€€ · Creative","€€€€","Creative",2,"2 Stars"
"Bozar Restaurant","Brussels, Belgium","€€€€ · Modern French","€€€€","Modern French",2,"2 Stars"
"L'Auberge de Montmin","Talloires-Montmin, France","€€€€ · Creative","€€€€","Creative",2,"2 Stars"
"Le Parc Les Crayères","Reims, France","€€€€ · Modern Cuisine","€€€€","Modern Cuisine",2,"2 Stars"
"La Table de Pavie","Saint-Emilion, France","€€€€ · Creative","€€€€","Creative",2,"2 Stars"
"Paul Bocuse","Collonges-au-Mont-d'Or, France","€€€€ · Classic Cuisine","€€€€","Classic Cuisine",2,"2 Stars"
"La Chèvre d'Or","Èze, France","€€€€ · Creative","€€€€","Creative",2,"2 Stars"
"Takao Takano","Lyon, France","€€€€ · Creative","€€€€","Creative",2,"2 Stars"
"Le Neuvième Art","Lyon, France","€€€€ · Creative","€€€€","Creative",2,"2 Stars"
"Christopher Coutanceau","La Rochelle, France","€€€€ · Seafood","€€€€","Seafood",2,"2 Stars"
"Maison Rostang","Paris, France","€€€€ · Classic Cuisine","€€€€","Classic Cuisine",2,"2 Stars"
"Casadelmar","Porto-Vecchio, France","€€€€ · Modern Cuisine","€€€€","Modern Cuisine",2,"2 Stars"
"Cyril Attrazic","Aumont-Aubrac, France","€€€€ · Creative","€€€€","Creative",2,"2 Stars"
"William Frachot","Dijon, France","€€€€ · Creative","€€€€","Creative",2,"2 Stars"
"Mère Brazier","Lyon, France","€€€€ · Classic Cuisine","€€€€","Classic Cuisine",2,"2 Stars"
"Relais de la Poste","Magescq, France","€€€€ · Classic Cuisine","€€€€","Classic Cuisine",2,"2 Stars"
"Le Chabichou by Stéphane Buron","Courchevel, France","€€€€ · Modern Cuisine","€€€€","Modern Cuisine",2,"2 Stars"
"La Table de Yoann Conte","Veyrier-du-Lac, France","€€€€ · Creative","€€€€","Creative",2,"2 Stars"
"Le Coquillage","Saint-Méloir-des-Ondes, France","€€€€ · Seafood","€€€€","Seafood",2,"2 Stars"
"Christophe Hay - Fleur de Loire","Blois, France","€€€€ · Modern Cuisine","€€€€","Modern Cuisine",2,"2 Stars"
"Table - Bruno Verjus","Paris, France","€€€€ · Modern Cuisine","€€€€","Modern Cuisine",2,"2 Stars"
"La Table de Franck Putelat","Carcassonne, France","€€€€ · Modern Cuisine","€€€€","Modern Cuisine",2,"2 Stars"
"Le Grand Restaurant - Jean-François Piège","Paris, France","€€€€ · Creative","€€€€","Creative",2,"2 Stars"
"Sur Mesure par Thierry Marx","Paris, France","€€€€ · Creative","€€€€","Creative",2,"2 Stars"
"Guy Savoy","Paris, France","€€€€ · Modern Cuisine","€€€€","Modern Cuisine",2,"2 Stars"
"La Villa Archange","Le Cannet, France","€€€€ · Modern Cuisine","€€€€","Modern Cuisine",2,"2 Stars"
"Le Gabriel - La Réserve Paris","Paris, France","€€€€ · Creative","€€€€","Creative",2,"2 Stars"
"Le Taillevent","Paris, France","€€€€ · Classic Cuisine","€€€€","Classic Cuisine",2,"2 Stars"
"Palais Royal Restaurant","Paris, France","€€€€ · Creative","€€€€","Creative",2,"2 Stars"
"Les Morainières","Jongieux, France","€€€€ · Creative","€€€€","Creative",2,"2 Stars"
"La Merise","Laubach, France","€€€€ · Modern Cuisine","€€€€","Modern Cuisine",2,"2 Stars"
"L'Amaryllis","Saint-Rémy, France","€€€€ · Creative","€€€€","Creative",2,"2 Stars"
"Marsan par Hélène Darroze","Paris, France","€€€€ · Modern Cuisine","€€€€","Modern Cuisine",2,"2 Stars"
"La Table d'Olivier Nasti","Kaysersberg, France","€€€€ · Creative","€€€€","Creative",2,"2 Stars"
"JY'S","Colmar, France","€€€€ · Creative","€€€€","Creative",2,"2 Stars"
"Le Pressoir d'Argent - Gordon Ramsay","Bordeaux, France","€€€€ · Modern Cuisine","€€€€","Modern Cuisine",2,"2 Stars"
"David Toutain","Paris, France","€€€€ · Creative","€€€€","Creative",2,"2 Stars"
"Le Puits Saint Jacques","Pujaudran, France","€€€€ · Creative","€€€€","Creative",2,"2 Stars"
"Auberge de l'Ill","Illhaeusern, France","€€€€ · Classic Cuisine","€€€€","Classic Cuisine",2,"2 Stars"
"Auberge du Cheval Blanc","Lembach, France","€€€€ · Modern Cuisine","€€€€","Modern Cuisine",2,"2 Stars"
"Serge Vieira","Chaudes-Aigues, France","€€€€ · Creative","€€€€","Creative",2,"2 Stars"
"Château de Beaulieu - Christophe Dufossé","Busnes, France","€€€€ · Modern Cuisine","€€€€","Modern Cuisine",2,"2 Stars"
"La Côte Saint-Jacques","Joigny, France","€€€€ · Classic Cuisine","€€€€","Classic Cuisine",2,"2 Stars"
"Le Pré - Xavier Beaudiment","Clermont-Ferrand, France","€€€€ · Creative","€€€€","Creative",2,"2 Stars"
"La Grand'Vigne - Les Sources de Caudalie","Martillac, France","€€€€ · Modern Cuisine","€€€€","Modern Cuisine",2,"2 Stars"
"Le Skiff Club","Pyla-sur-Mer, France","€€€€ · Modern Cuisine","€€€€","Modern Cuisine",2,"2 Stars"
"Le Blue Bay","Monaco, France","€€€€ · Creative","€€€€","Creative",2,"2 Stars"
"Lalique","Bommes, France","€€€€ · Modern Cuisine","€€€€","Modern Cuisine",2,"2 Stars"
"Racine","Reims, France","€€€€ · Creative","€€€€","Creative",2,"2 Stars"
"La Côte d'Or","Saulieu, France","€€€€ · Modern Cuisine","€€€€","Modern Cuisine",2,"2 Stars"
"Maison Jeunet","Port-Lesney, France","€€€€ · Modern Cuisine","€€€€","Modern Cuisine",2,"2 Stars"
"Hostellerie Jérôme","La Turbie, France","€€€€ · Mediterranean Cuisine","€€€€","Mediterranean Cuisine",2,"2 Stars"
"L'Abysse au Pavillon Ledoyen","Paris, France","€€€€ · Japanese","€€€€","Japanese",2,"2 Stars"
"Villa René Lalique","Wingen-sur-Moder, France","€€€€ · Creative","€€€€","Creative",2,"2 Stars"
"Le Sarkara","Courchevel, France","€€€€ · Creative","€€€€","Creative",2,"2 Stars"
"L'Auberge des Glazicks","Plomodiern, France","€€€€ · Creative","€€€€","Creative",2,"2 Stars"
"La Voile - La Réserve Ramatuelle","Ramatuelle, France","€€€€ · Modern Cuisine","€€€€","Modern Cuisine",2,"2 Stars"
"L'Oiseau Blanc","Paris, France","€€€€ · Creative","€€€€","Creative",2,"2 Stars"
"La Fourchette des Ducs","Obernai, France","€€€€ · Creative","€€€€","Creative",2,"2 Stars"
"Maison Aribert","Uriage-les-Bains, France","€€€€ · Creative","€€€€","Creative",2,"2 Stars"
"Anne de Bretagne","La Plaine-sur-Mer, France","€€€€ · Creative","€€€€","Creative",2,"2 Stars"
"Le Clarence","Paris, France","€€€€ · Creative","€€€€","Creative",2,"2 Stars"
"La Scène","Paris, France","€€€€ · Modern Cuisine","€€€€","Modern Cuisine",2,"2 Stars"
"La Table Lionel Giraud","Narbonne, France","€€€€ · Creative","€€€€","Creative",2,"2 Stars"
"Flaveur","Nice, France","€€€€ · Creative","€€€€","Creative",2,"2 Stars"
"Duende","Nîmes, France","€€€€ · Modern Cuisine","€€€€","Modern Cuisine",2,"2 Stars"
"La Grenouillère","La Madelaine-sous-Montreuil, France","€€€€ · Creative","€€€€","Creative",2,"2 Stars"
"Restaurant Le Meurice Alain Ducasse","Paris, France","€€€€ · Creative","€€€€","Creative",2,"2 Stars"
"Jean Sulpice","Talloires-Montmin, France","€€€€ · Creative","€€€€","Creative",2,"2 Stars"
"Michel Kayser - Restaurant Alexandre","Garons, France","€€€€ · Modern Cuisine","€€€€","Modern Cuisine",2,"2 Stars"
"Bras","Laguiole, France","€€€€ · Creative","€€€€","Creative",2,"2 Stars"
"La Pyramide - Patrick Henriroux","Vienne, France","€€€€ · Modern Cuisine","€€€€","Modern Cuisine",2,"2 Stars"
"Py-r","Toulouse, France","€€€€ · Modern Cuisine","€€€€","Modern Cuisine",2,"2 Stars"
"Mraz & Sohn","Vienna, Austria","€€€€ · Creative","€€€€","Creative",2,"2 Stars"
"Ikarus","Salzburg, Austria","€€€€ · Creative","€€€€","Creative",2,"2 Stars"
"Steirereck im Stadtpark","Vienna, Austria","€€€€ · Creative","€€€€","Creative",2,"2 Stars"
"Silvio Nickol Gourmet Restaurant","Vienna, Austria","€€€€ · Modern Cuisine","€€€€","Modern Cuisine",2,"2 Stars"
"Konstantin Filippou","Vienna, Austria","€€€€ · Modern Cuisine","€€€€","Modern Cuisine",2,"2 Stars"
"SENNS.Restaurant","Salzburg, Austria","€€€€ · Creative","€€€€","Creative",2,"2 Stars"
"Imperial Treasure Fine Chinese Cuisine (Huangpu)","Shanghai, China","¥¥¥ · Cantonese","¥¥¥","Cantonese",2,"2 Stars"
"The House of Rong","Shanghai, China","¥¥¥¥ · Taizhou","¥¥¥¥","Taizhou",2,"2 Stars"
"102 House","Shanghai, China","¥¥¥¥ · Cantonese","¥¥¥¥","Cantonese",2,"2 Stars"
"Ji Pin Court","Shanghai, China","¥¥¥ · Cantonese","¥¥¥","Cantonese",2,"2 Stars"
"Bao Li Xuan","Shanghai, China","¥¥¥¥ · Cantonese","¥¥¥¥","Cantonese",2,"2 Stars"
"Da Vittorio","Shanghai, China","¥¥¥¥ · Italian","¥¥¥¥","Italian",2,"2 Stars"
"Canton 8 (Runan Street)","Shanghai, China","¥¥ · Cantonese","¥¥","Cantonese",2,"2 Stars"
"8 ½ Otto e Mezzo Bombana","Shanghai, China","¥¥¥¥ · Italian","¥¥¥¥","Italian",2,"2 Stars"
"Mezzaluna","Bangkok, Thailand","฿฿฿฿ · French Contemporary","฿฿฿฿","French Contemporary",2,"2 Stars"
"R-Haan","Bangkok, Thailand","฿฿฿฿ · Thai","฿฿฿฿","Thai",2,"2 Stars"
"Le Normandie by Alain Roux","Bangkok, Thailand","฿฿฿฿ · French","฿฿฿฿","French",2,"2 Stars"
"Sorn","Bangkok, Thailand","฿฿฿฿ · Southern Thai","฿฿฿฿","Southern Thai",2,"2 Stars"
"Chef's Table","Bangkok, Thailand","฿฿฿฿ · French Contemporary","฿฿฿฿","French Contemporary",2,"2 Stars"
"Sühring","Bangkok, Thailand","฿฿฿฿ · European Contemporary","฿฿฿฿","European Contemporary",2,"2 Stars"
"Moments","Barcelona, Spain","€€€€ · Creative","€€€€","Creative",2,"2 Stars"
"Disfrutar","Barcelona, Spain","€€€€ · Creative","€€€€","Creative",2,"2 Stars"
"Angle","Barcelona, Spain","€€€€ · Modern Cuisine","€€€€","Modern Cuisine",2,"2 Stars"
"Bo.TiC","Corçà, Spain","€€€€ · Creative","€€€€","Creative",2,"2 Stars"
"Noor","Córdoba, Spain","€€€€ · Creative","€€€€","Creative",2,"2 Stars"
"Enoteca Paco Pérez","Barcelona, Spain","€€€€ · Modern Cuisine","€€€€","Modern Cuisine",2,"2 Stars"
"Maralba","Almansa, Spain","€€€ · Creative","€€€","Creative",2,"2 Stars"
"Casa Marcial","Arriondas, Spain","€€€€ · Creative","€€€€","Creative",2,"2 Stars"
"Cinc Sentits","Barcelona, Spain","€€€€ · Creative","€€€€","Creative",2,"2 Stars"
"Alma","Lisbon, Portugal","€€€€ · Creative","€€€€","Creative",2,"2 Stars"
"Mugaritz","Errenteria, Spain","€€€€ · Creative","€€€€","Creative",2,"2 Stars"
"Iván Cerdeño","Toledo, Spain","€€€€ · Modern Cuisine","€€€€","Modern Cuisine",2,"2 Stars"
"L'Escaleta","Cocentaina, Spain","€€€€ · Creative","€€€€","Creative",2,"2 Stars"
"Bardal","Ronda, Spain","€€€€ · Creative","€€€€","Creative",2,"2 Stars"
"El Portal de Echaurren","Ezcaray, Spain","€€€€ · Creative","€€€€","Creative",2,"2 Stars"
"Belcanto","Lisbon, Portugal","€€€€ · Creative","€€€€","Creative",2,"2 Stars"
"Smoked Room","Madrid, Spain","€€€€ · Contemporary","€€€€","Contemporary",2,"2 Stars"
"Cabaña Buenavista","El Palmar, Spain","€€€€ · Creative","€€€€","Creative",2,"2 Stars"
"Les Cols","Olot, Spain","€€€€ · Creative","€€€€","Creative",2,"2 Stars"
"Culler de Pau","O Grove, Spain","€€€€ · Creative","€€€€","Creative",2,"2 Stars"
"Skina","Marbella, Spain","€€€€ · Modern Cuisine","€€€€","Modern Cuisine",2,"2 Stars"
"El Rincón de Juan Carlos","Adeje, Spain","€€€€ · Creative","€€€€","Creative",2,"2 Stars"
"Ocean","Porches, Portugal","€€€€ · Creative","€€€€","Creative",2,"2 Stars"
"Amelia by Paulo Airaudo","Donostia / San Sebastián, Spain","€€€€ · Creative","€€€€","Creative",2,"2 Stars"
"The Yeatman","Vila Nova de Gaia, Portugal","€€€€ · Creative","€€€€","Creative",2,"2 Stars"
"Vila Joya","Albufeira, Portugal","€€€€ · Modern Cuisine","€€€€","Modern Cuisine",2,"2 Stars"
"El Poblet","Valencia, Spain","€€€€ · Creative","€€€€","Creative",2,"2 Stars"
"El Molino de Urdániz","Urdaitz, Spain","€€€€ · Creative","€€€€","Creative",2,"2 Stars"
"Paco Roncero","Madrid, Spain","€€€€ · Creative","€€€€","Creative",2,"2 Stars"
"Miramar","Llançà, Spain","€€€€ · Creative","€€€€","Creative",2,"2 Stars"
"M.B","Guía de Isora, Spain","€€€€ · Creative","€€€€","Creative",2,"2 Stars"
"Voro","Canyamel, Spain","€€€€ · Modern Cuisine","€€€€","Modern Cuisine",2,"2 Stars"
"Pepe Vieira","Raxó, Spain","€€€€ · Creative","€€€€","Creative",2,"2 Stars"
"Ramón Freixa Madrid","Madrid, Spain","€€€€ · Creative","€€€€","Creative",2,"2 Stars"
"BonAmb","Xàbia, Spain","€€€€ · Creative","€€€€","Creative",2,"2 Stars"
"Coque","Madrid, Spain","€€€€ · Creative","€€€€","Creative",2,"2 Stars"
"DSTAgE","Madrid, Spain","€€€€ · Creative","€€€€","Creative",2,"2 Stars"
"Casa de Chá da Boa Nova","Leça da Palmeira, Portugal","€€€€ · Seafood","€€€€","Seafood",2,"2 Stars"
"Édition Koji Shimomura","Tokyo, Japan","¥¥¥ · French","¥¥¥","French",2,"2 Stars"
"Crony","Tokyo, Japan","¥¥¥ · French","¥¥¥","French",2,"2 Stars"
"Tempura Ginya","Tokyo, Japan","¥¥¥ · Tempura","¥¥¥","Tempura",2,"2 Stars"
"Daigo","Tokyo, Japan","¥¥¥ · Shojin","¥¥¥","Shojin",2,"2 Stars"
"Nihombashikakigaracho Sugita","Tokyo, Japan","¥¥¥¥ · Sushi","¥¥¥¥","Sushi",2,"2 Stars"
"Higashiazabu Amamoto","Tokyo, Japan","¥¥¥¥ · Sushi","¥¥¥¥","Sushi",2,"2 Stars"
"Myojaku","Tokyo, Japan","¥¥¥¥ · Japanese","¥¥¥¥","Japanese",2,"2 Stars"
"NARISAWA","Tokyo, Japan","¥¥¥¥ · Innovative","¥¥¥¥","Innovative",2,"2 Stars"
"Sawada","Tokyo, Japan","¥¥¥¥ · Sushi","¥¥¥¥","Sushi",2,"2 Stars"
"ZURRIOLA","Tokyo, Japan","¥¥¥ · Spanish","¥¥¥","Spanish",2,"2 Stars"
"Jingumae Higuchi","Tokyo, Japan","¥¥¥¥ · Japanese","¥¥¥¥","Japanese",2,"2 Stars"
"PIERRE GAGNAIRE","Tokyo, Japan","¥¥¥¥ · French","¥¥¥¥","French",2,"2 Stars"
"SÉZANNE","Tokyo, Japan","¥¥¥¥ · French","¥¥¥¥","French",2,"2 Stars"
"PRISMA","Tokyo, Japan","¥¥¥ · Italian","¥¥¥","Italian",2,"2 Stars"
"Tentempura Uchitsu","Tokyo, Japan","¥¥¥¥ · Tempura","¥¥¥¥","Tempura",2,"2 Stars"
"Seizan","Tokyo, Japan","¥¥¥¥ · Japanese","¥¥¥¥","Japanese",2,"2 Stars"
"HOMMAGE","Tokyo, Japan","¥¥¥¥ · French","¥¥¥¥","French",2,"2 Stars"
"Nabeno-Ism","Tokyo, Japan","¥¥¥ · French","¥¥¥","French",2,"2 Stars"
"Kutan","Tokyo, Japan","¥¥¥¥ · Japanese","¥¥¥¥","Japanese",2,"2 Stars"
"Kaiseki Komuro","Tokyo, Japan","¥¥¥¥ · Japanese","¥¥¥¥","Japanese",2,"2 Stars"
"ESqUISSE","Tokyo, Japan","¥¥¥¥ · French","¥¥¥¥","French",2,"2 Stars"
"Seisoka","Tokyo, Japan","¥¥¥¥ · Japanese","¥¥¥¥","Japanese",2,"2 Stars"
"Kioicho Fukudaya","Tokyo, Japan","¥¥¥¥ · Japanese","¥¥¥¥","Japanese",2,"2 Stars"
"Den","Tokyo, Japan","¥¥¥ · Japanese","¥¥¥","Japanese",2,"2 Stars"
"Usukifugu Yamadaya","Tokyo, Japan","¥¥¥¥ · Fugu / Pufferfish","¥¥¥¥","Fugu",2,"2 Stars"
"Ryuzu","Tokyo, Japan","¥¥¥ · French","¥¥¥","French",2,"2 Stars"
"Ginza Shinohara","Tokyo, Japan","¥¥¥¥ · Japanese","¥¥¥¥","Japanese",2,"2 Stars"
"Kobikicho Tomoki","Tokyo, Japan","¥¥¥¥ · Sushi","¥¥¥¥","Sushi",2,"2 Stars"
"ASAHINA Gastronome","Tokyo, Japan","¥¥¥¥ · French","¥¥¥¥","French",2,"2 Stars"
"LA TABLE de Joël Robuchon","Tokyo, Japan","¥¥¥ · French","¥¥¥","French",2,"2 Stars"
"Ginza Kojyu","Tokyo, Japan","¥¥¥¥ · Japanese","¥¥¥¥","Japanese",2,"2 Stars"
"Tempura Kondo","Tokyo, Japan","¥¥¥ · Tempura","¥¥¥","Tempura",2,"2 Stars"
"BEIGE Alain Ducasse","Tokyo, Japan","¥¥¥ · French","¥¥¥","French",2,"2 Stars"
"Harutaka","Tokyo, Japan","¥¥¥¥ · Sushi","¥¥¥¥","Sushi",2,"2 Stars"
"Sushi Kanesaka","Tokyo, Japan","¥¥¥¥ · Sushi","¥¥¥¥","Sushi",2,"2 Stars"
"Akasaka Kikunoi","Tokyo, Japan","¥¥¥ · Japanese","¥¥¥","Japanese",2,"2 Stars"
"Ginza Fukuju","Tokyo, Japan","¥¥¥¥ · Japanese","¥¥¥¥","Japanese",2,"2 Stars"
"Florilège","Tokyo, Japan","¥¥¥ · French","¥¥¥","French",2,"2 Stars"
"Sukiyabashi Jiro Roppongiten","Tokyo, Japan","¥¥¥¥ · Sushi","¥¥¥¥","Sushi",2,"2 Stars"
"Glam Enrico Bartolini","Venice, Italy","€€€€ · Creative","€€€€","Creative",2,"2 Stars"
"San Domenico","Imola, Italy","€€€€ · Classic Cuisine","€€€€","Classic Cuisine",2,"2 Stars"
"Seta by Antonio Guida","Milan, Italy","€€€€ · Contemporary","€€€€","Contemporary",2,"2 Stars"
"Il Piccolo Principe","Viareggio, Italy","€€€€ · Creative","€€€€","Creative",2,"2 Stars"
"Il Pagliaccio","Rome, Italy","€€€€ · Creative","€€€€","Creative",2,"2 Stars"
"Quattro Passi","Marina del Cantone, Italy","€€€€ · Mediterranean Cuisine","€€€€","Mediterranean Cuisine",2,"2 Stars"
"Locanda Sant'Uffizio Enrico Bartolini","Cioccaro, Italy","€€€€ · Modern Cuisine","€€€€","Modern Cuisine",2,"2 Stars"
"Enoteca La Torre","Rome, Italy","€€€€ · Mediterranean Cuisine","€€€€","Mediterranean Cuisine",2,"2 Stars"
"Piccolo Lago","Fondotoce, Italy","€€€€ · Creative","€€€€","Creative",2,"2 Stars"
"Gourmetstube Einhorn","Mules, Italy","€€€€ · Creative","€€€€","Creative",2,"2 Stars"
"La Madia","Licata, Italy","€€€€ · Creative","€€€€","Creative",2,"2 Stars"
"Miramonti l'Altro","Concesio, Italy","€€€€ · Italian Contemporary","€€€€","Italian Contemporary",2,"2 Stars"
"Arnolfo","Colle di Val d'Elsa, Italy","€€€€ · Creative","€€€€","Creative",2,"2 Stars"
"D'O","Cornaredo, Italy","€€€€ · Creative","€€€€","Creative",2,"2 Stars"
"L'Olivo","Anacapri, Italy","€€€€ · Creative","€€€€","Creative",2,"2 Stars"
"La Peca","Lonigo, Italy","€€€€ · Creative","€€€€","Creative",2,"2 Stars"
"Acquolina","Rome, Italy","€€€€ · Creative","€€€€","Creative",2,"2 Stars"
"Antica Osteria Cera","Lughetto, Italy","€€€€ · Seafood","€€€€","Seafood",2,"2 Stars"
"Antica Corona Reale","Cervere, Italy","€€€€ · Piedmontese","€€€€","Piedmontese",2,"2 Stars"
"Santa Elisabetta","Florence, Italy","€€€€ · Creative","€€€€","Creative",2,"2 Stars"
"Taverna Estia","Brusciano, Italy","€€€€ · Creative","€€€€","Creative",2,"2 Stars"
"Magnolia","Longiano, Italy","€€€€ · Creative","€€€€","Creative",2,"2 Stars"
"Terra","Sarentino, Italy","€€€€ · Creative","€€€€","Creative",2,"2 Stars"
"Krèsios","Telese, Italy","€€€€ · Creative","€€€€","Creative",2,"2 Stars"
"Castel finedining","Tirol, Italy","€€€€ · Creative","€€€€","Creative",2,"2 Stars"
"Agli Amici","Godia, Italy","€€€€ · Modern Cuisine","€€€€","Modern Cuisine",2,"2 Stars"
"Harry's Piccolo","Trieste, Italy","€€€€ · Creative","€€€€","Creative",2,"2 Stars"
"Torre del Saracino","Vico Equense, Italy","€€€€ · Creative","€€€€","Creative",2,"2 Stars"
"Madonnina del Pescatore","Marzocca, Italy","€€€€ · Creative","€€€€","Creative",2,"2 Stars"
"Casa Perbellini 12 Apostoli","Verona, Italy","€€€€ · Creative","€€€€","Creative",2,"2 Stars"
"St. George by Heinz Beck","Taormina, Italy","€€€€ · Creative","€€€€","Creative",2,"2 Stars"
"Villa Feltrinelli","Gargnano, Italy","€€€€ · Creative","€€€€","Creative",2,"2 Stars"
"Bracali","Ghirlanda, Italy","€€€€ · Creative","€€€€","Creative",2,"2 Stars"
"daní maison","Ischia, Italy","€€€€ · Creative","€€€€","Creative",2,"2 Stars"
"Caino","Montemerano, Italy","€€€€ · Country cooking","€€€€","Country cooking",2,"2 Stars"
"Duomo","Ragusa, Italy","€€€€ · Creative","€€€€","Creative",2,"2 Stars"
"Tre Olivi","Paestum, Italy","€€€€ · Creative","€€€€","Creative",2,"2 Stars"
"Il Luogo di Aimo e Nadia","Milan, Italy","€€€€ · Italian Contemporary","€€€€","Italian Contemporary",2,"2 Stars"
"Jungsik","Seoul, South Korea","₩₩₩₩ · Contemporary","₩₩₩₩","Contemporary",2,"2 Stars"
"Kwonsooksoo","Seoul, South Korea","₩₩₩₩ · Korean","₩₩₩₩","Korean",2,"2 Stars"
"Mingles","Seoul, South Korea","₩₩₩₩ · Korean","₩₩₩₩","Korean",2,"2 Stars"
"La Yeon","Seoul, South Korea","₩₩₩₩ · Korean","₩₩₩₩","Korean",2,"2 Stars"
"Joo Ok","Seoul, South Korea","₩₩₩₩ · Korean","₩₩₩₩","Korean",2,"2 Stars"
"alla Prima","Seoul, South Korea","₩₩₩₩ · Innovative","₩₩₩₩","Innovative",2,"2 Stars"
"Kojima","Seoul, South Korea","₩₩₩₩ · Sushi","₩₩₩₩","Sushi",2,"2 Stars"
"Soigné","Seoul, South Korea","₩₩₩₩ · Innovative","₩₩₩₩","Innovative",2,"2 Stars"
"Ryō-shō","Kyoto, Japan","¥¥¥¥ · Japanese","¥¥¥¥","Japanese",2,"2 Stars"
"Gion Owatari","Kyoto, Japan","¥¥¥¥ · Japanese","¥¥¥¥","Japanese",2,"2 Stars"
"VELROSIER","Kyoto, Japan","¥¥¥ · Chinese","¥¥¥","Chinese",2,"2 Stars"
"Sushi Harasho","Osaka, Japan","¥¥¥ · Sushi","¥¥¥","Sushi",2,"2 Stars"
"Kikunoi Roan","Kyoto, Japan","¥¥¥ · Japanese","¥¥¥","Japanese",2,"2 Stars"
"KAHALA","Osaka, Japan","¥¥¥¥ · Innovative","¥¥¥¥","Innovative",2,"2 Stars"
"Kenninji Gion Maruyama","Kyoto, Japan","¥¥¥¥ · Japanese","¥¥¥¥","Japanese",2,"2 Stars"
"Miyamaso","Kyoto, Japan","¥¥¥ · Japanese","¥¥¥","Japanese",2,"2 Stars"
"Numata","Osaka, Japan","¥¥¥ · Tempura","¥¥¥","Tempura",2,"2 Stars"
"Koryu","Osaka, Japan","¥¥¥¥ · Japanese","¥¥¥¥","Japanese",2,"2 Stars"
"Tenjimbashi Aoki","Osaka, Japan","¥¥¥ · Japanese","¥¥¥","Japanese",2,"2 Stars"
"Oryori Mitsuyasu","Kyoto, Japan","¥¥¥¥ · Japanese","¥¥¥¥","Japanese",2,"2 Stars"
"Fujiya 1935","Osaka, Japan","¥¥¥¥ · Innovative","¥¥¥¥","Innovative",2,"2 Stars"
"Yusokuryori Mankamero","Kyoto, Japan","¥¥¥ · Japanese","¥¥¥","Japanese",2,"2 Stars"
"Otagi","Kyoto, Japan","¥¥¥¥ · Japanese","¥¥¥¥","Japanese",2,"2 Stars"
"Shunsaiten Tsuchiya","Osaka, Japan","¥¥¥ · Tempura","¥¥¥","Tempura",2,"2 Stars"
"Ogata","Kyoto, Japan","¥¥¥¥ · Japanese","¥¥¥¥","Japanese",2,"2 Stars"
"Shimmonzen Yonemura","Kyoto, Japan","¥¥¥ · Innovative","¥¥¥","Innovative",2,"2 Stars"
"Kyokaiseki Kichisen","Kyoto, Japan","¥¥¥¥ · Japanese","¥¥¥¥","Japanese",2,"2 Stars"
"Gion Nishikawa","Kyoto, Japan","¥¥¥ · Japanese","¥¥¥","Japanese",2,"2 Stars"
"Gion Maruyama","Kyoto, Japan","¥¥¥¥ · Japanese","¥¥¥¥","Japanese",2,"2 Stars"
"Sojiki Nakahigashi","Kyoto, Japan","¥¥¥ · Japanese","¥¥¥","Japanese",2,"2 Stars"
"Wagokoro Izumi","Kyoto, Japan","¥¥¥ · Japanese","¥¥¥","Japanese",2,"2 Stars"
"Gion Matayoshi","Kyoto, Japan","¥¥¥¥ · Japanese","¥¥¥¥","Japanese",2,"2 Stars"
"La Cime","Osaka, Japan","¥¥¥¥ · French","¥¥¥¥","French",2,"2 Stars"
"Miyamoto","Osaka, Japan","¥¥¥ · Japanese","¥¥¥","Japanese",2,"2 Stars"
"Sumibi Kappo Ifuki","Kyoto, Japan","¥¥¥¥ · Japanese","¥¥¥¥","Japanese",2,"2 Stars"
"Kodaiji Wakuden","Kyoto, Japan","¥¥¥¥ · Japanese","¥¥¥¥","Japanese",2,"2 Stars"
"Bottiglieria 1881","Krakow, Poland","€€€€ · Creative","€€€€","Creative",2,"2 Stars"
"Deessa","Madrid, Spain","€€€€ · Creative","€€€€","Creative",2,"2 Stars"
"Ricard Camarena","Valencia, Spain","€€€€ · Creative","€€€€","Creative",2,"2 Stars"
"Il Gallo d'Oro","Funchal, Portugal","€€€€ · Modern Cuisine","€€€€","Modern Cuisine",2,"2 Stars"
"D.O.M.","São Paulo, Brazil","Creative","Creative",,2,"2 Stars"
"Oteque","Rio de Janeiro, Brazil","Modern Cuisine","Modern Cuisine",,2,"2 Stars"
"Oro","Rio de Janeiro, Brazil","Creative","Creative",,2,"2 Stars"
